{"count":1,"gauges":{},"self":13.6881936,"total":14.001796599999999,"children":{"AgentSendState":{"count":497,"self":0.0029915,"total":0.0069809,"children":{"CollectObservations":{"count":50,"self":0.0009973,"total":0.0009973,"children":null},"AgentInfo.ToProto":{"count":50,"self":0,"total":0.0029920999999999997,"children":{"GenerateSensorData":{"count":50,"self":0.0029920999999999997,"total":0.0029920999999999997,"children":null}}}}},"DecideAction":{"count":497,"self":0.29665009999999997,"total":0.29665009999999997,"children":null},"AgentAct":{"count":497,"self":0.0089756,"total":0.0089756,"children":{"AgentInfo.ToProto":{"count":4,"self":0,"total":0,"children":{"GenerateSensorData":{"count":4,"self":0,"total":0,"children":null}}}}}}}