{"count":1,"gauges":{},"self":9870.2229503999988,"total":9882.2006241999989,"children":{"AgentSendState":{"count":16461,"self":0.2710086,"total":3.283689,"children":{"CollectObservations":{"count":6586,"self":0.0418852,"total":0.0418852,"children":null},"AgentInfo.ToProto":{"count":6586,"self":0.1086605,"total":2.9707952,"children":{"GenerateSensorData":{"count":6586,"self":2.8621347999999998,"total":2.8621347,"children":null}}}}},"DecideAction":{"count":16461,"self":8.48472,"total":8.48472,"children":null},"AgentAct":{"count":16461,"self":0.20846199999999998,"total":0.20846199999999998,"children":null}}}