{"count":1,"gauges":{},"self":19.8803344,"total":19.893313,"children":{"AgentSendState":{"count":991,"self":0.010983099999999999,"total":0.010983099999999999,"children":null},"DecideAction":{"count":991,"self":0.001996,"total":0.001996,"children":null},"AgentAct":{"count":991,"self":0,"total":0,"children":null}}}