{"count":1,"gauges":{},"self":29.486275199999998,"total":32.1357339,"children":{"AgentSendState":{"count":8153,"self":0.116656,"total":0.22986199999999998,"children":{"CollectObservations":{"count":3242,"self":0.0219413,"total":0.0219413,"children":null},"AgentInfo.ToProto":{"count":3242,"self":0.0503768,"total":0.09126469999999999,"children":{"GenerateSensorData":{"count":3242,"self":0.0408879,"total":0.0408879,"children":null}}}}},"DecideAction":{"count":8153,"self":2.3467924,"total":2.3467922999999997,"children":null},"AgentAct":{"count":8153,"self":0.0688149,"total":0.0718057,"children":{"AgentInfo.ToProto":{"count":100,"self":0.0019928999999999997,"total":0.0029908,"children":{"GenerateSensorData":{"count":100,"self":0.0009979,"total":0.0009979,"children":null}}}}}}}