{"count":1,"gauges":{},"self":721.2823552,"total":778.6442685,"children":{"AgentSendState":{"count":47003,"self":0.14317539999999998,"total":0.26035379999999997,"children":{"CollectObservations":{"count":18808,"self":0.017976699999999998,"total":0.017976699999999998,"children":null},"AgentInfo.ToProto":{"count":18808,"self":0.0433199,"total":0.09920169999999999,"children":{"GenerateSensorData":{"count":18808,"self":0.055881799999999995,"total":0.055881799999999995,"children":null}}}}},"DecideAction":{"count":47003,"self":56.098092799999996,"total":56.0980955,"children":null},"AgentAct":{"count":47003,"self":0.9979501,"total":1.0024506,"children":{"AgentInfo.ToProto":{"count":752,"self":0.0030007,"total":0.0045005,"children":{"GenerateSensorData":{"count":752,"self":0.0014998,"total":0.0014998,"children":null}}}}}}}