{"count":1,"gauges":{},"self":33.904972799999996,"total":34.0581199,"children":{"AgentSendState":{"count":3355,"self":0.038437099999999995,"total":0.0783738,"children":{"CollectObservations":{"count":10065,"self":0.0399367,"total":0.0399367,"children":null}}},"DecideAction":{"count":3355,"self":0.0129684,"total":0.0129684,"children":null},"AgentAct":{"count":3355,"self":0.0608064,"total":0.0608064,"children":null}}}