{"count":1,"gauges":{},"self":9.6315248,"total":9.6355130999999989,"children":{"AgentSendState":{"count":478,"self":0.00099629999999999988,"total":0.00099629999999999988,"children":null},"DecideAction":{"count":478,"self":0.0009973,"total":0.0009973,"children":null},"AgentAct":{"count":478,"self":0.0009971,"total":0.0009971,"children":null}}}