{"count":1,"gauges":{},"self":107.02879999999999,"total":117.204133,"children":{"AgentSendState":{"count":6121,"self":0.0138786,"total":0.0208672,"children":{"CollectObservations":{"count":590,"self":0.00099779999999999986,"total":0.00099779999999999986,"children":null},"AgentInfo.ToProto":{"count":590,"self":0.0020007,"total":0.0059908,"children":{"GenerateSensorData":{"count":590,"self":0.0039901,"total":0.0039901,"children":null}}}}},"DecideAction":{"count":6121,"self":10.0847824,"total":10.084781999999999,"children":null},"AgentAct":{"count":6121,"self":0.0646967,"total":0.068687299999999993,"children":{"AgentInfo.ToProto":{"count":120,"self":0.0019951,"total":0.0039905999999999995,"children":{"GenerateSensorData":{"count":120,"self":0.0019955,"total":0.0019955,"children":null}}}}}}}