{"count":1,"gauges":{},"self":66.9655616,"total":726.72061469999994,"children":{"AgentSendState":{"count":26653,"self":0.2495488,"total":0.289252,"children":{"CollectObservations":{"count":5286,"self":0.0059838999999999995,"total":0.0059838999999999995,"children":null},"AgentInfo.ToProto":{"count":5286,"self":0.0173132,"total":0.0337193,"children":{"GenerateSensorData":{"count":5286,"self":0.0164061,"total":0.0164061,"children":null}}}}},"DecideAction":{"count":26653,"self":659.24223999999992,"total":659.2422471,"children":null},"AgentAct":{"count":26653,"self":0.22155909999999998,"total":0.2225565,"children":{"AgentInfo.ToProto":{"count":117,"self":0,"total":0.00099739999999999985,"children":{"GenerateSensorData":{"count":117,"self":0.00099739999999999985,"total":0.00099739999999999985,"children":null}}}}}}}