{"count":1,"gauges":{},"self":184.1203328,"total":187.89679049999998,"children":{"AgentSendState":{"count":10881,"self":0.0197408,"total":0.0317174,"children":{"CollectObservations":{"count":1048,"self":0.0039661,"total":0.0039661,"children":null},"AgentInfo.ToProto":{"count":1048,"self":0.0020339,"total":0.0080105,"children":{"GenerateSensorData":{"count":1048,"self":0.0059765999999999994,"total":0.0059765999999999994,"children":null}}}}},"DecideAction":{"count":10881,"self":3.7038084,"total":3.7038084999999996,"children":null},"AgentAct":{"count":10881,"self":0.0368897,"total":0.039914399999999996,"children":{"AgentInfo.ToProto":{"count":210,"self":0.0020277,"total":0.0030247,"children":{"GenerateSensorData":{"count":210,"self":0.000997,"total":0.000997,"children":null}}}}}}}