{"count":1,"gauges":{},"self":41.5696832,"total":42.4497238,"children":{"AgentSendState":{"count":21178,"self":0.2148698,"total":0.2866592,"children":{"CollectObservations":{"count":14826,"self":0.0717894,"total":0.0717894,"children":null}}},"DecideAction":{"count":21178,"self":0.10219579999999999,"total":0.10219579999999999,"children":null},"AgentAct":{"count":21178,"self":0.4891929,"total":0.4891929,"children":null}}}