{"count":1,"gauges":{},"self":51.0419136,"total":51.0479766,"children":{"AgentSendState":{"count":2549,"self":0.0029925999999999998,"total":0.0029925999999999998,"children":null},"DecideAction":{"count":2549,"self":0,"total":0,"children":null},"AgentAct":{"count":2549,"self":0.0020721,"total":0.0020721,"children":null}}}