{"count":1,"gauges":{},"self":96.941856,"total":96.958410399999991,"children":{"AgentSendState":{"count":4595,"self":0.0035843999999999997,"total":0.0075743,"children":{"CollectObservations":{"count":919,"self":0.0039899,"total":0.0039899,"children":null}}},"DecideAction":{"count":4595,"self":0.0029934,"total":0.0029934,"children":null},"AgentAct":{"count":4595,"self":0.0049873999999999995,"total":0.0049873999999999995,"children":null}}}