{"count":1,"gauges":{},"self":104.7100864,"total":104.7860863,"children":{"AgentSendState":{"count":10401,"self":0.0254392,"total":0.0314234,"children":{"CollectObservations":{"count":4162,"self":0.0059841999999999994,"total":0.0059841999999999994,"children":null}}},"DecideAction":{"count":10401,"self":0.0119698,"total":0.0119698,"children":null},"AgentAct":{"count":10401,"self":0.031703,"total":0.031703,"children":null}}}