{"count":1,"gauges":{},"self":32.8949472,"total":42.749836599999995,"children":{"AgentSendState":{"count":11621,"self":0.1137101,"total":0.14141879999999998,"children":{"CollectObservations":{"count":2313,"self":0.0039870999999999995,"total":0.0039870999999999995,"children":null},"AgentInfo.ToProto":{"count":2313,"self":0.012748899999999999,"total":0.0237216,"children":{"GenerateSensorData":{"count":2313,"self":0.0109727,"total":0.0109727,"children":null}}}}},"DecideAction":{"count":11621,"self":9.6117384,"total":9.6117382,"children":null},"AgentAct":{"count":11621,"self":0.0997373,"total":0.10173249999999999,"children":{"AgentInfo.ToProto":{"count":36,"self":0.0019952,"total":0.0019952,"children":{"GenerateSensorData":{"count":36,"self":0,"total":0,"children":null}}}}}}}