{"count":1,"gauges":{},"self":1.5563817,"total":1.5643614,"children":{"AgentSendState":{"count":737,"self":0.0029923999999999997,"total":0.0029923999999999997,"children":null},"DecideAction":{"count":737,"self":0.0029923,"total":0.0029923,"children":null},"AgentAct":{"count":737,"self":0.0009976,"total":0.0009976,"children":null}}}