{"count":1,"gauges":{},"self":39.40096,"total":39.416737,"children":{"AgentSendState":{"count":1957,"self":0.0068560999999999995,"total":0.0078537,"children":{"CollectObservations":{"count":392,"self":0.0009976,"total":0.0009976,"children":null}}},"DecideAction":{"count":1957,"self":0.0019619999999999998,"total":0.0019619999999999998,"children":null},"AgentAct":{"count":1957,"self":0.0049903,"total":0.0049903,"children":null}}}