{"count":1,"gauges":{},"self":50.8883648,"total":50.906774,"children":{"AgentSendState":{"count":2536,"self":0.0115575,"total":0.012554899999999999,"children":{"CollectObservations":{"count":508,"self":0.00099739999999999985,"total":0.00099739999999999985,"children":null}}},"DecideAction":{"count":2536,"self":0,"total":0,"children":null},"AgentAct":{"count":2536,"self":0.0048557999999999995,"total":0.0048557999999999995,"children":null}}}