{"count":1,"gauges":{},"self":0.40392029999999995,"total":0.4089054,"children":{"AgentSendState":{"count":16,"self":0.0009966,"total":0.0039878,"children":{"CollectObservations":{"count":16,"self":0.0029912,"total":0.0029912,"children":null}}}}}