{"count":1,"gauges":{},"self":371.37392639999996,"total":378.00580399999996,"children":{"AgentSendState":{"count":188949,"self":2.0408716,"total":2.788804,"children":{"CollectObservations":{"count":132272,"self":0.7479325,"total":0.7479325,"children":null}}},"DecideAction":{"count":188949,"self":0.92545559999999993,"total":0.92545559999999993,"children":null},"AgentAct":{"count":188949,"self":2.9166092,"total":2.9166092999999997,"children":null}}}