{"count":1,"gauges":{},"self":8.4545472,"total":8.5236394,"children":{"AgentSendState":{"count":417,"self":0.021708699999999997,"total":0.024395399999999998,"children":{"CollectObservations":{"count":294,"self":0.0026866999999999998,"total":0.0026866999999999998,"children":null}}},"DecideAction":{"count":417,"self":0.0059895999999999994,"total":0.0059895999999999994,"children":null},"AgentAct":{"count":417,"self":0.0377081,"total":0.0377081,"children":null}}}